Product,711_SLIN,Dollar Sales,Unit Sales,711_UPC,UPC 13,UPC 10,Custom US Category,Custom US Sub Category,Custom US National Brand or Private Label,Custom US Manufacturer,Custom US Trademark,Custom US Flavor Bucket,Custom US Flavor,Custom US Price Tier,Custom US Take Home or Single Serve
00028400324427-RUFFLES CHDRSRCR2.5Z,307871,927544,391749,28400324427,28400324421,2840032442,SALTY SNACKS,POTATO CHIPS,NATIONAL BRAND,FRITO LAY,RUFFLES,CHEESE,CHEDDAR SOUR CREAM,NON-PERMISSIBLE,SINGLE SERVE
00028400325059-DORITOS NACHO 2.75Z,307890,917473,388430,28400325059,28400325051,2840032505,SALTY SNACKS,TORTILLA CHIPS,NATIONAL BRAND,FRITO LAY,DORITOS,CHEESE,NACHO CHEESE,NON-PERMISSIBLE,SINGLE SERVE
00028400323826-LAYS ORIGINAL 2.625Z,307810,785273,337179,28400323826,28400401491,2840040149,SALTY SNACKS,POTATO CHIPS,NATIONAL BRAND,FRITO LAY,LAYS,REGULAR/CLASSIC/UNFLAVORED,CLASSIC,NON-PERMISSIBLE,SINGLE SERVE
00028400329491-CHEETOS FLMNHT3.25Z,308109,694506,289971,28400329491,28400329491,2840032949,SALTY SNACKS,CURLS AND PUFFS,NATIONAL BRAND,FRITO LAY,CHEETOS,HOT/SPICY,FLAMIN' HOT,NON-PERMISSIBLE,SINGLE SERVE
00028400325042-DORITOS CLRNCH2.75Z,307888,680385,288562,28400325042,28400325041,2840032504,SALTY SNACKS,TORTILLA CHIPS,NATIONAL BRAND,FRITO LAY,DORITOS,DAIRY,COOL RANCH,NON-PERMISSIBLE,SINGLE SERVE
00028400325073-DORITOS SWTCHL2.75Z,307896,583417,244865,28400325073,28400325071,2840032507,SALTY SNACKS,TORTILLA CHIPS,NATIONAL BRAND,FRITO LAY,DORITOS,HOT/SPICY,SPICY SWEET CHILI,NON-PERMISSIBLE,SINGLE SERVE
00028400331524-CHESTERS HTFRS3.625Z,308050,574637,238472,28400331524,28400331521,2840033152,SALTY SNACKS,CURLS AND PUFFS,NATIONAL BRAND,FRITO LAY,CHESTERS,HOT/SPICY,FLAMIN' HOT,NON-PERMISSIBLE,SINGLE SERVE
00028400516464-DORITOS NCHCHS9.25Z,301640,560954,94945,28400516464,28400516461,2840051646,SALTY SNACKS,TORTILLA CHIPS,NATIONAL BRAND,FRITO LAY,DORITOS,CHEESE,NACHO CHEESE,NON-PERMISSIBLE,TAKE HOME
00028400331555-FUNYUNS REG 2.125Z,307929,540664,226725,28400331555,28400331551,2840033155,SALTY SNACKS,CURLS AND PUFFS,NATIONAL BRAND,FRITO LAY,FUNYUNS,ONION,ONION,NON-PERMISSIBLE,SINGLE SERVE
00028400331791-SMARTFOOD WHTCHDR2Z,307942,480922,200329,28400331791,28400303571,2840030357,SALTY SNACKS,RTE POPCORN,NATIONAL BRAND,FRITO LAY,SMARTFOOD,CHEESE,WHITE CHEDDAR CHEESE,NON-PERMISSIBLE,SINGLE SERVE
00028400323857-LAYS SALT&VNGR2.625,307813,465695,198647,28400323857,28400323851,2840032385,SALTY SNACKS,POTATO CHIPS,NATIONAL BRAND,FRITO LAY,LAYS,SALT VARIATIONS,SALT AND VINEGAR,NON-PERMISSIBLE,SINGLE SERVE
00028400329125-CHEETOS JUMBOPFS3Z,308117,424299,177552,28400329125,28400329121,2840032912,SALTY SNACKS,CURLS AND PUFFS,NATIONAL BRAND,FRITO LAY,CHEETOS,CHEESE,CHEESE,NON-PERMISSIBLE,SINGLE SERVE
00028400327282-FRITO HNYBBQTWST3.5Z,308538,392586,165089,28400327282,28400327281,2840032728,SALTY SNACKS,CORN CHIPS,NATIONAL BRAND,FRITO LAY,FRITOS,BBQ,HONEY BARBEQUE,NON-PERMISSIBLE,SINGLE SERVE
00028400325172-DORITOS DNMTCHLLMN4Z,307905,390918,162435,28400325172,28400325171,2840032517,SALTY SNACKS,TORTILLA CHIPS,NATIONAL BRAND,FRITO LAY,DORITOS,HOT/SPICY,CHILE LIMON,NON-PERMISSIBLE,SINGLE SERVE
00028400329453-CHEETOS CRUCHY3.25Z,308063,381116,159935,28400329453,28400329451,2840032945,SALTY SNACKS,CURLS AND PUFFS,NATIONAL BRAND,FRITO LAY,CHEETOS,CHEESE,CHEESE,NON-PERMISSIBLE,SINGLE SERVE
00028400589895-CHTSCRNCHFLMHT 8.5Z,303379,353478,63514,28400589895,28400589891,2840058989,SALTY SNACKS,CURLS AND PUFFS,NATIONAL BRAND,FRITO LAY,CHEETOS,HOT/SPICY,FLAMIN' HOT,NON-PERMISSIBLE,TAKE HOME
00028400516310-DORITOS CLRNCH9.25Z,301627,329045,55740,28400516310,28400516311,2840051631,SALTY SNACKS,TORTILLA CHIPS,NATIONAL BRAND,FRITO LAY,DORITOS,DAIRY,COOL RANCH,NON-PERMISSIBLE,TAKE HOME
00028400516914-RUFFLES CHDR&SRCRM8Z,301655,322968,54326,28400516914,28400516911,2840051691,SALTY SNACKS,POTATO CHIPS,NATIONAL BRAND,FRITO LAY,RUFFLES,CHEESE,CHEDDAR SOUR CREAM,NON-PERMISSIBLE,TAKE HOME
00028400705691-CHESTERHOTFRIES5.25Z,300551,320621,119551,28400705691,28400705691,2840070569,SALTY SNACKS,CURLS AND PUFFS,NATIONAL BRAND,FRITO LAY,CHESTERS,HOT/SPICY,FLAMIN' HOT,NON-PERMISSIBLE,TAKE HOME
00028400324205-LAYS BBQ 2.625,307818,305939,130974,28400324205,28400324201,2840032420,SALTY SNACKS,POTATO CHIPS,NATIONAL BRAND,FRITO LAY,LAYS,BBQ,BARBEQUE,NON-PERMISSIBLE,SINGLE SERVE
00028400324212-LAYS SRCRM&ONN2.625Z,307850,291439,125241,28400324212,28400324211,2840032421,SALTY SNACKS,POTATO CHIPS,NATIONAL BRAND,FRITO LAY,LAYS,DAIRY,SOUR CREAM AND ONION,NON-PERMISSIBLE,SINGLE SERVE
00028400516679-DORITOS SWCH&SC9.25Z,301731,287053,48450,28400516679,28400516671,2840051667,SALTY SNACKS,TORTILLA CHIPS,NATIONAL BRAND,FRITO LAY,DORITOS,HOT/SPICY,SPICY SWEET CHILI,NON-PERMISSIBLE,TAKE HOME
00028400325080-DORITOS SPCYNCH2.75Z,307901,283320,119738,28400325080,28400325081,2840032508,SALTY SNACKS,TORTILLA CHIPS,NATIONAL BRAND,FRITO LAY,DORITOS,CHEESE,SPICY NACHO,NON-PERMISSIBLE,SINGLE SERVE
00028400199148-LAYS CHIPS REGULAR 8,302121,266392,56023,28400199148,28400199142,2840019914,SALTY SNACKS,POTATO CHIPS,NATIONAL BRAND,FRITO LAY,LAYS,REGULAR/CLASSIC/UNFLAVORED,CLASSIC,NON-PERMISSIBLE,TAKE HOME
00028400324434-RUFFLES QUESO 2.5Z,307872,257781,108220,28400324434,28400324432,2840032443,SALTY SNACKS,POTATO CHIPS,NATIONAL BRAND,FRITO LAY,RUFFLES,CHEESE,QUESO,NON-PERMISSIBLE,SINGLE SERVE
00028400688918-RFFLSFLMHTCHD&SC2.5Z,305176,251225,104982,28400688918,28400688911,2840068891,SALTY SNACKS,POTATO CHIPS,NATIONAL BRAND,FRITO LAY,RUFFLES,HOT/SPICY,FLAMIN' HOT CHEDDAR SOUR CREAM,NON-PERMISSIBLE,SINGLE SERVE
00028400331760-SUNCHIP HRVSCHD2.75Z,307940,250891,105218,28400331760,28400331761,2840033176,SALTY SNACKS,WAVY GRAIN CHIPS,NATIONAL BRAND,FRITO LAY,SUNCHIPS,CHEESE,HARVEST CHEDDAR,PERMISSIBLE,SINGLE SERVE
00028400240185-FUNYUNS 6Z,303041,250734,45818,28400240185,28400240181,2840024018,SALTY SNACKS,CURLS AND PUFFS,NATIONAL BRAND,FRITO LAY,FUNYUNS,ONION,ONION,NON-PERMISSIBLE,TAKE HOME
00028400064088-TSTSSCOOPS10Z,300740,241026,41290,28400064088,28400064083,2840006408,SALTY SNACKS,TORTILLA CHIPS,NATIONAL BRAND,FRITO LAY,TOSTITOS,REGULAR/CLASSIC/UNFLAVORED,ORIGINAL,NON-PERMISSIBLE,TAKE HOME
00028400314015-SMARTFOOD WHCH6.8,307980,230364,44637,28400314015,28400314011,2840031401,SALTY SNACKS,RTE POPCORN,NATIONAL BRAND,FRITO LAY,SMARTFOOD,CHEESE,WHITE CHEDDAR CHEESE,NON-PERMISSIBLE,TAKE HOME
00028400697705-DORITOSWTTNGBBQ2.75Z,301382,225286,93412,28400697705,28400697701,2840069770,SALTY SNACKS,TORTILLA CHIPS,NATIONAL BRAND,FRITO LAY,DORITOS,BBQ,SWEET & TANGY BBQ,NON-PERMISSIBLE,SINGLE SERVE
00028400705684-MUNCHOS ORIG 4.25Z,300539,216453,81253,28400705684,28400705681,2840070568,SALTY SNACKS,POTATO CHIPS,NATIONAL BRAND,FRITO LAY,MUNCHOS,REGULAR/CLASSIC/UNFLAVORED,REGULAR,NON-PERMISSIBLE,TAKE HOME
00028400589864-CHEETOS CRUNCHY 8.5Z,303378,207072,37249,28400589864,28400589861,2840058986,SALTY SNACKS,CURLS AND PUFFS,NATIONAL BRAND,FRITO LAY,CHEETOS,CHEESE,CHEESE,NON-PERMISSIBLE,TAKE HOME
00028400323895-LAYS DILLICKL2.625Z,307815,203175,85824,28400323895,28400323891,2840032389,SALTY SNACKS,POTATO CHIPS,NATIONAL BRAND,FRITO LAY,LAYS,CONDIMENT,DILL PICKLE,NON-PERMISSIBLE,SINGLE SERVE
00028400589277-FRTSHNYBBQ9.25Z,303407,202936,36439,28400589277,28400589271,2840058927,SALTY SNACKS,CORN CHIPS,NATIONAL BRAND,FRITO LAY,FRITOS,BBQ,HONEY BARBEQUE,NON-PERMISSIBLE,TAKE HOME
00028400329484-CHEETO CHDRJLPN3.25Z,308107,200765,83758,28400329484,28400329481,2840032948,SALTY SNACKS,CURLS AND PUFFS,NATIONAL BRAND,FRITO LAY,CHEETOS,HOT/SPICY,CHEDDAR JALAPENO,NON-PERMISSIBLE,SINGLE SERVE
00028400084048-MUNCHIES CHS FIX8Z,300670,188756,50006,28400084048,28400084042,2840008404,SALTY SNACKS,SNACK MIX,NATIONAL BRAND,FRITO LAY,MUNCHIES,CHEESE,CHEESE FIX,NON-PERMISSIBLE,TAKE HOME
00028400327299-FRITOS CHILI CHS3.5Z,308539,177832,75476,28400327299,28400327291,2840032729,SALTY SNACKS,CORN CHIPS,NATIONAL BRAND,FRITO LAY,FRITOS,HERBS & SPICES,CHILI CHEESE,NON-PERMISSIBLE,SINGLE SERVE
00028400329132-CHEETO FLMNHTJMBPF3Z,308118,174397,72771,28400329132,28400329131,2840032913,SALTY SNACKS,CURLS AND PUFFS,NATIONAL BRAND,FRITO LAY,CHEETOS,HOT/SPICY,FLAMIN' HOT,NON-PERMISSIBLE,SINGLE SERVE
00028400331609-FUNYUNS HOT 2.125Z,307935,172092,71612,28400331609,28400331601,2840033160,SALTY SNACKS,CURLS AND PUFFS,NATIONAL BRAND,FRITO LAY,FUNYUNS,HOT/SPICY,FLAMIN' HOT,NON-PERMISSIBLE,SINGLE SERVE
00028400589291-FRITOS ORIGNAL 9.25Z,303376,169313,30290,28400589291,28400589291,2840058929,SALTY SNACKS,CORN CHIPS,NATIONAL BRAND,FRITO LAY,FRITOS,REGULAR/CLASSIC/UNFLAVORED,ORIGINAL,NON-PERMISSIBLE,TAKE HOME
00028400147392-SUNCHPS HRVSTCHDR 7Z,305165,168889,37955,28400147392,28400147391,2840014739,SALTY SNACKS,WAVY GRAIN CHIPS,NATIONAL BRAND,FRITO LAY,SUNCHIPS,CHEESE,HARVEST CHEDDAR,PERMISSIBLE,TAKE HOME
00028400327305-FRITOS ORIGINAL 3.5Z,308534,167847,71291,28400327305,28400327301,2840032730,SALTY SNACKS,CORN CHIPS,NATIONAL BRAND,FRITO LAY,FRITOS,REGULAR/CLASSIC/UNFLAVORED,ORIGINAL,NON-PERMISSIBLE,SINGLE SERVE
00810607023117-POPCORNERSKETLCORN3Z,305313,165786,69584,8.11E+11,8.11E+11,1060702311,SALTY SNACKS,ALL OTHER SALTY SNACK,NATIONAL BRAND,FRITO LAY,POPCORNERS,SWEET,KETTLE CORN,PERMISSIBLE,SINGLE SERVE
00028400331548-LAYS BAKES REG1.875Z,308051,165151,69841,28400331548,28400331541,2840033154,SALTY SNACKS,POTATO CHIPS,NATIONAL BRAND,FRITO LAY,BAKED,REGULAR/CLASSIC/UNFLAVORED,ORIGINAL,PERMISSIBLE,SINGLE SERVE
00028400324458-RUFFLESORIGINAL 2.5Z,307879,164452,69853,28400324458,28400324451,2840032445,SALTY SNACKS,POTATO CHIPS,NATIONAL BRAND,FRITO LAY,RUFFLES,REGULAR/CLASSIC/UNFLAVORED,ORIGINAL,NON-PERMISSIBLE,SINGLE SERVE
00028400515733-RUFFLES FLMHTBBQ2.5Z,301550,161497,67904,28400515733,28400515731,2840051573,SALTY SNACKS,POTATO CHIPS,NATIONAL BRAND,FRITO LAY,RUFFLES,HOT/SPICY,FLAMIN' HOT BBQ,NON-PERMISSIBLE,SINGLE SERVE
00028400516686-RUFFLES ORIGINAL8.5Z,301735,160821,27123,28400516686,28400516681,2840051668,SALTY SNACKS,POTATO CHIPS,NATIONAL BRAND,FRITO LAY,RUFFLES,REGULAR/CLASSIC/UNFLAVORED,ORIGINAL,NON-PERMISSIBLE,TAKE HOME
00028400596688-CHEETOS PUFFS8Z,303408,155352,27865,28400596688,28400596681,2840059668,SALTY SNACKS,CURLS AND PUFFS,NATIONAL BRAND,FRITO LAY,CHEETOS,CHEESE,CHEESE,NON-PERMISSIBLE,TAKE HOME
00810607023094-POPCORNERS WHTCHDR3Z,309120,153493,64531,8.11E+11,8.11E+11,1060702309,SALTY SNACKS,ALL OTHER SALTY SNACK,NATIONAL BRAND,FRITO LAY,POPCORNERS,CHEESE,WHITE CHEDDAR,PERMISSIBLE,SINGLE SERVE
00028400688772-DORITFLMHTCLRCH2.75Z,305051,151441,63318,28400688772,28400688771,2840068877,SALTY SNACKS,TORTILLA CHIPS,NATIONAL BRAND,FRITO LAY,DORITOS,HOT/SPICY,FLAMIN' HOT COOL RANCH,NON-PERMISSIBLE,SINGLE SERVE
00028400325226-DORITO FLMHTNCH2.75Z,307906,145923,61245,28400325226,28400406931,2840040693,SALTY SNACKS,TORTILLA CHIPS,NATIONAL BRAND,FRITO LAY,DORITOS,HOT/SPICY,FLAMIN' HOT NACHO,NON-PERMISSIBLE,SINGLE SERVE
00028400705721-CHSTRSPFFCRNCHS4.25Z,300572,142674,53565,28400705721,28400705721,2840070572,SALTY SNACKS,CURLS AND PUFFS,NATIONAL BRAND,FRITO LAY,CHESTERS,CHEESE,CHEESE,NON-PERMISSIBLE,TAKE HOME
00028400516655-DINAMITA CHLLM10.75Z,301724,140716,23713,28400516655,28400516651,2840051665,SALTY SNACKS,TORTILLA CHIPS,NATIONAL BRAND,FRITO LAY,DORITOS,HOT/SPICY,CHILE LIMON,NON-PERMISSIBLE,TAKE HOME
00028400516471-DORITOS SPCYNCH9.25Z,301721,137059,23174,28400516471,28400516471,2840051647,SALTY SNACKS,TORTILLA CHIPS,NATIONAL BRAND,FRITO LAY,DORITOS,CHEESE,SPICY NACHO,NON-PERMISSIBLE,TAKE HOME
00028400200608-LAYS SLT&VNGR 7.75Z,302189,133439,28036,28400200608,28400200601,2840020060,SALTY SNACKS,POTATO CHIPS,NATIONAL BRAND,FRITO LAY,LAYS,SALT VARIATIONS,SALT AND VINEGAR,NON-PERMISSIBLE,TAKE HOME
00028400043809-WAVY LAYSREG,301843,124905,26350,28400043809,28400043801,2840004380,SALTY SNACKS,POTATO CHIPS,NATIONAL BRAND,FRITO LAY,LAYS,REGULAR/CLASSIC/UNFLAVORED,ORIGINAL,NON-PERMISSIBLE,TAKE HOME
00028400589888-CHTSCRNCHYCHDJA8.5Z,300089,112188,20065,28400589888,28400589881,2840058988,SALTY SNACKS,CURLS AND PUFFS,NATIONAL BRAND,FRITO LAY,CHEETOS,HOT/SPICY,CHEDDAR JALAPENO,NON-PERMISSIBLE,TAKE HOME
00028400331203-SMPLYCHTSWHCHDPF2.5Z,308023,106939,44992,28400331203,28400331201,2840033120,SALTY SNACKS,CURLS AND PUFFS,NATIONAL BRAND,FRITO LAY,SIMPLY,CHEESE,WHITE CHEDDAR,PERMISSIBLE,SINGLE SERVE
00028400305907-CHTOSFLMNHTPPCRN2Z,307647,101009,42147,28400305907,28400305901,2840030590,SALTY SNACKS,RTE POPCORN,NATIONAL BRAND,FRITO LAY,CHEETOS,HOT/SPICY,FLAMIN' HOT,NON-PERMISSIBLE,SINGLE SERVE
00028400517997-TOSTITOS RSTSTL12Z,301715,100519,17075,28400517997,28400517991,2840051799,SALTY SNACKS,TORTILLA CHIPS,NATIONAL BRAND,FRITO LAY,TOSTITOS,REGULAR/CLASSIC/UNFLAVORED,ORIGINAL,NON-PERMISSIBLE,TAKE HOME
00028400199636-LAYS SOUR CREAM & ON,302090,94977,19976,28400199636,28400199631,2840019963,SALTY SNACKS,POTATO CHIPS,NATIONAL BRAND,FRITO LAY,LAYS,DAIRY,SOUR CREAM AND ONION,NON-PERMISSIBLE,TAKE HOME
00028400199612-LAYS CHIPS BBQ 7.75Z,301949,93988,19778,28400199612,28400199612,2840019961,SALTY SNACKS,POTATO CHIPS,NATIONAL BRAND,FRITO LAY,LAYS,BBQ,BARBEQUE,NON-PERMISSIBLE,TAKE HOME
00028400632867-LAYS WVYFNYN2.625Z,303773,93970,40137,28400632867,28400632861,2840063286,SALTY SNACKS,POTATO CHIPS,NATIONAL BRAND,FRITO LAY,LAYS,ONION,FUNYUNS ONION,NON-PERMISSIBLE,SINGLE SERVE
00028400324472-RUFFLES FLAMINHT2.5Z,307820,88896,37075,28400324472,28400324471,2840032447,SALTY SNACKS,POTATO CHIPS,NATIONAL BRAND,FRITO LAY,RUFFLES,HOT/SPICY,FLAMIN' HOT,NON-PERMISSIBLE,SINGLE SERVE
00028400589284-FRTSCHILICHS9.25Z,303375,77247,13729,28400589284,28400589281,2840058928,SALTY SNACKS,CORN CHIPS,NATIONAL BRAND,FRITO LAY,FRITOS,HERBS & SPICES,CHILI CHEESE,NON-PERMISSIBLE,TAKE HOME
00028400700085-CHEETOS MN CAN3.625Z,302604,75467,21089,28400700085,28400700081,2840070008,SALTY SNACKS,CURLS AND PUFFS,NATIONAL BRAND,FRITO LAY,MINIS,CHEESE,CHEDDAR,NON-PERMISSIBLE,TAKE HOME
00028400700016-DORITOS NCHMNC5.125Z,302544,74123,20813,28400700016,28400700011,2840070001,SALTY SNACKS,TORTILLA CHIPS,NATIONAL BRAND,FRITO LAY,MINIS,CHEESE,NACHO CHEESE,NON-PERMISSIBLE,TAKE HOME
00028400636414-FRITOS BBQ 3.5Z,302811,72807,30854,28400636414,28400636411,2840063641,SALTY SNACKS,CORN CHIPS,NATIONAL BRAND,FRITO LAY,FRITOS,BBQ,BARBEQUE,NON-PERMISSIBLE,SINGLE SERVE
00028400700108-CHTS FLHTMNCN3.625Z,302565,70916,19383,28400700108,28400700101,2840070010,SALTY SNACKS,CURLS AND PUFFS,NATIONAL BRAND,FRITO LAY,MINIS,HOT/SPICY,FLAMIN' HOT,NON-PERMISSIBLE,TAKE HOME
00028400047685-ROLDGOLDTINYTWST16Z,302979,67814,17040,28400047685,28400047682,2840004768,SALTY SNACKS,PRETZELS,NATIONAL BRAND,FRITO LAY,ROLD GOLD,REGULAR/CLASSIC/UNFLAVORED,ORIGINAL,NON-PERMISSIBLE,TAKE HOME
00028400329460-CHEETO XXTRFLHT3.25Z,308113,64776,27356,28400329460,28400329461,2840032946,SALTY SNACKS,CURLS AND PUFFS,NATIONAL BRAND,FRITO LAY,CHEETOS,HOT/SPICY,XXTRA FLAMIN' HOT,NON-PERMISSIBLE,SINGLE SERVE
00028400697354-DORITOS BBQ 9.25Z,300296,62876,10540,28400697354,28400697351,2840069735,SALTY SNACKS,TORTILLA CHIPS,NATIONAL BRAND,FRITO LAY,DORITOS,BBQ,SWEET & TANGY BBQ,NON-PERMISSIBLE,TAKE HOME
00028400700061-DRTS CLRNMNC5.125Z,302608,61626,16948,28400700061,28400700061,2840070006,SALTY SNACKS,TORTILLA CHIPS,NATIONAL BRAND,FRITO LAY,MINIS,DAIRY,COOL RANCH,NON-PERMISSIBLE,TAKE HOME
00028400589321-FRITO SCOOPS 9.25Z,303377,58144,10387,28400589321,28400589321,2840058932,SALTY SNACKS,CORN CHIPS,NATIONAL BRAND,FRITO LAY,FRITOS,REGULAR/CLASSIC/UNFLAVORED,REGULAR,NON-PERMISSIBLE,TAKE HOME
00028400436182-MUNCHIES CHSFIX3Z,303191,54900,22972,28400436182,28400436181,2840043618,SALTY SNACKS,SNACK MIX,NATIONAL BRAND,FRITO LAY,MUNCHIES,CHEESE,CHEESE FIX,NON-PERMISSIBLE,SINGLE SERVE
00810607023100-POPCORNERS SEASALT3Z,309119,53063,21967,8.11E+11,8.11E+11,1060702310,SALTY SNACKS,ALL OTHER SALTY SNACK,NATIONAL BRAND,FRITO LAY,POPCORNERS,REGULAR/CLASSIC/UNFLAVORED,SEA SALT,PERMISSIBLE,SINGLE SERVE
00028400324236-LAYS LIMON 2.625,307854,52266,21752,28400324236,28400401581,2840040158,SALTY SNACKS,POTATO CHIPS,NATIONAL BRAND,FRITO LAY,LAYS,HOT/SPICY,LIMON,NON-PERMISSIBLE,SINGLE SERVE
00028400183826-FL BKDLAYSORIG6.25Z,300600,51309,11969,28400183826,28400183822,2840018382,SALTY SNACKS,POTATO CHIPS,NATIONAL BRAND,FRITO LAY,BAKED,REGULAR/CLASSIC/UNFLAVORED,ORIGINAL,PERMISSIBLE,TAKE HOME
00028400091565-LAYS CLASSICLSS 1.5Z,303257,50299,36325,28400091565,28400236491,2840023649,SALTY SNACKS,POTATO CHIPS,NATIONAL BRAND,FRITO LAY,LAYS,REGULAR/CLASSIC/UNFLAVORED,CLASSIC,NON-PERMISSIBLE,SINGLE SERVE
00028400329507-CHEETOS HTLMN3.25Z,308114,50250,20768,28400329507,28400329501,2840032950,SALTY SNACKS,CURLS AND PUFFS,NATIONAL BRAND,FRITO LAY,CHEETOS,HOT/SPICY,FLAMIN' HOT LIMON,NON-PERMISSIBLE,SINGLE SERVE
00028400306980-DORITOSFLMNHTLM2.75Z,307646,49805,20663,28400306980,28400306981,2840030698,SALTY SNACKS,TORTILLA CHIPS,NATIONAL BRAND,FRITO LAY,DORITOS,HOT/SPICY,FLAMIN' HOT LIMON,NON-PERMISSIBLE,SINGLE SERVE
00028400331814-BKDCHTO FLMNHT2.75Z,308062,49354,20620,28400331814,28400331811,2840033181,SALTY SNACKS,CURLS AND PUFFS,NATIONAL BRAND,FRITO LAY,BAKED,HOT/SPICY,FLAMIN' HOT,PERMISSIBLE,SINGLE SERVE
00028400323888-LAYS SWEET BBQ2.625Z,307812,47860,20466,28400323888,28400323881,2840032388,SALTY SNACKS,POTATO CHIPS,NATIONAL BRAND,FRITO LAY,LAYS,BBQ,SWEET SOUTHERN HEAT BARBEQUE,NON-PERMISSIBLE,SINGLE SERVE
00028400705769-SANTITASWHT CRN 11Z,300616,47785,17940,28400705769,28400705761,2840070576,SALTY SNACKS,TORTILLA CHIPS,NATIONAL BRAND,FRITO LAY,SANTITAS,REGULAR/CLASSIC/UNFLAVORED,ORIGINAL,NON-PERMISSIBLE,TAKE HOME
00028400688932-XXVLCHTSCHRPPCRN2.0Z,305099,46222,18765,28400688932,28400688931,2840068893,SALTY SNACKS,RTE POPCORN,NATIONAL BRAND,FRITO LAY,CHEETOS,HOT/SPICY,CHEDDAR JALAPENO,NON-PERMISSIBLE,SINGLE SERVE
00028400070560-DRITOSNCHCHSLSS1.75Z,303266,43628,31431,28400070560,28400070561,2840007056,SALTY SNACKS,TORTILLA CHIPS,NATIONAL BRAND,FRITO LAY,DORITOS,CHEESE,NACHO CHEESE,NON-PERMISSIBLE,SINGLE SERVE
00028400172516-CRACKRJCKPPCRN4.125Z,305047,43407,17902,28400172516,28400172512,2840017251,SALTY SNACKS,RTE POPCORN,NATIONAL BRAND,FRITO LAY,CRACKER JACK,SWEET,CARAMEL PEANUT,NON-PERMISSIBLE,SINGLE SERVE
00028400719544-DTSHTMSTDXXVLLTO2.8Z,303700,42163,17188,28400719544,28400719541,2840071954,SALTY SNACKS,TORTILLA CHIPS,NATIONAL BRAND,FRITO LAY,DORITOS,HOT/SPICY,HOT MUSTARD,NON-PERMISSIBLE,SINGLE SERVE
00028400201285-LAYS DILLPICKLE7.75Z,304618,40725,8579,28400201285,28400201282,2840020128,SALTY SNACKS,POTATO CHIPS,NATIONAL BRAND,FRITO LAY,LAYS,CONDIMENT,DILL PICKLE,NON-PERMISSIBLE,TAKE HOME
00028400305891-CHEETOS CHDRPPCRN2Z,307648,40678,17111,28400305891,28400471381,2840047138,SALTY SNACKS,RTE POPCORN,NATIONAL BRAND,FRITO LAY,CHEETOS,CHEESE,CHEDDAR,NON-PERMISSIBLE,SINGLE SERVE
00028400360999-ROLDGOLD CLSCTHN3.5Z,308017,39527,17049,28400360999,28400360991,2840036099,SALTY SNACKS,PRETZELS,NATIONAL BRAND,FRITO LAY,ROLD GOLD,REGULAR/CLASSIC/UNFLAVORED,ORIGINAL,NON-PERMISSIBLE,SINGLE SERVE
00028400002912-RFFLSCHDDRSCOLSS1.5Z,303270,38960,28114,28400002912,28400482291,2840048229,SALTY SNACKS,POTATO CHIPS,NATIONAL BRAND,FRITO LAY,RUFFLES,CHEESE,CHEDDAR SOUR CREAM,NON-PERMISSIBLE,SINGLE SERVE
00028400694469-RUFFDBCRSLTVNG2.375Z,306298,37811,15192,28400694469,28400694461,2840069446,SALTY SNACKS,POTATO CHIPS,NATIONAL BRAND,FRITO LAY,RUFFLES,SALT VARIATIONS,SALT AND VINEGAR,NON-PERMISSIBLE,SINGLE SERVE
00028400327367-FRITOS TURBOSFLMS4Z,308541,37753,15566,28400327367,28400327361,2840032736,SALTY SNACKS,CORN CHIPS,NATIONAL BRAND,FRITO LAY,SABRITAS,HOT/SPICY,TURBOS FLAMAS,NON-PERMISSIBLE,SINGLE SERVE
00028400719520-DTSTGYKCPXXVLLTO2.8Z,303703,37352,15272,28400719520,28400719521,2840071952,SALTY SNACKS,TORTILLA CHIPS,NATIONAL BRAND,FRITO LAY,DORITOS,CONDIMENT,TANGY KETCHUP,NON-PERMISSIBLE,SINGLE SERVE
00028400712439-CHTSFLHTCHFNXXVL3.3Z,302486,35467,14478,28400712439,28400712431,2840071243,SALTY SNACKS,CURLS AND PUFFS,NATIONAL BRAND,FRITO LAY,CHEETOS,HOT/SPICY,FLAMIN' HOT TANGY CHILI FUSION,NON-PERMISSIBLE,SINGLE SERVE
00028400688765-DORITFLMHTCLRCH9.25Z,305052,33427,5666,28400688765,28400688761,2840068876,SALTY SNACKS,TORTILLA CHIPS,NATIONAL BRAND,FRITO LAY,DORITOS,HOT/SPICY,FLAMIN' HOT COOL RANCH,NON-PERMISSIBLE,TAKE HOME
00028400655330-XXVLCHTSMXNSTCN3.25Z,305093,32872,13737,28400655330,28400655331,2840065533,SALTY SNACKS,CURLS AND PUFFS,NATIONAL BRAND,FRITO LAY,CHEETOS,DAIRY,MEXICAN STREET CORN,NON-PERMISSIBLE,SINGLE SERVE
00028400688901-RUFFLES FLMHTCHDSC8Z,305167,32772,5556,28400688901,28400688901,2840068890,SALTY SNACKS,POTATO CHIPS,NATIONAL BRAND,FRITO LAY,RUFFLES,HOT/SPICY,FLAMIN' HOT CHEDDAR SOUR CREAM,NON-PERMISSIBLE,TAKE HOME
00028400426251-DORITOS BLZNBFL2.75Z,302004,32065,13843,28400426251,28400635971,2840063597,SALTY SNACKS,TORTILLA CHIPS,NATIONAL BRAND,FRITO LAY,DORITOS,HOT/SPICY,BLAZIN BUFFALO AND RANCH,NON-PERMISSIBLE,SINGLE SERVE
00028400730600-RUFFLESORGHIPHOP2.8Z,304623,31626,12803,28400730600,28400730601,2840073060,SALTY SNACKS,POTATO CHIPS,NATIONAL BRAND,FRITO LAY,RUFFLES,REGULAR/CLASSIC/UNFLAVORED,ORIGINAL,NON-PERMISSIBLE,SINGLE SERVE
00028400698542-CHEETOSCRLNARPR3.25Z,300617,31558,13033,28400698542,28400698541,2840069854,SALTY SNACKS,CURLS AND PUFFS,NATIONAL BRAND,FRITO LAY,CHEETOS,HOT/SPICY,FLAMIN' HOT SWEET REAPER,NON-PERMISSIBLE,SINGLE SERVE
00028400730563-RFFLSJLPNRNHHPHP2.8Z,304626,31185,12623,28400730563,28400730561,2840073056,SALTY SNACKS,POTATO CHIPS,NATIONAL BRAND,FRITO LAY,RUFFLES,HOT/SPICY,JALAPENO RANCH,NON-PERMISSIBLE,SINGLE SERVE
00028400730587-RFFLSCHDRSCHPHOP2.8Z,304631,30626,12385,28400730587,28400730581,2840073058,SALTY SNACKS,POTATO CHIPS,NATIONAL BRAND,FRITO LAY,RUFFLES,CHEESE,CHEDDAR SOUR CREAM,NON-PERMISSIBLE,SINGLE SERVE
00028400436236-MUNCHIES FLMNHT3Z,303188,29803,12173,28400436236,28400436231,2840043623,SALTY SNACKS,SNACK MIX,NATIONAL BRAND,FRITO LAY,MUNCHIES,HOT/SPICY,FLAMIN' HOT,NON-PERMISSIBLE,SINGLE SERVE
00028400323864-LAYS FLAMIN HT2.625Z,307814,29540,12522,28400323864,28400323861,2840032386,SALTY SNACKS,POTATO CHIPS,NATIONAL BRAND,FRITO LAY,LAYS,HOT/SPICY,FLAMIN' HOT,NON-PERMISSIBLE,SINGLE SERVE
00028400698580-CHEETOSCRLNARPR8.5Z,300623,28652,5038,28400698580,28400698581,2840069858,SALTY SNACKS,CURLS AND PUFFS,NATIONAL BRAND,FRITO LAY,CHEETOS,HOT/SPICY,FLAMIN' HOT SWEET REAPER,NON-PERMISSIBLE,TAKE HOME
00028400331500-MUNCHOS REGULAR2.25Z,308049,26428,11321,28400331500,28400331501,2840033150,SALTY SNACKS,POTATO CHIPS,NATIONAL BRAND,FRITO LAY,MUNCHOS,REGULAR/CLASSIC/UNFLAVORED,REGULAR,NON-PERMISSIBLE,SINGLE SERVE
00028400614818-DORITOS XTRFLHT9.25Z,302812,26155,4388,28400614818,28400614811,2840061481,SALTY SNACKS,TORTILLA CHIPS,NATIONAL BRAND,FRITO LAY,DORITOS,HOT/SPICY,XXTRA FLAMIN' HOT NACHO,NON-PERMISSIBLE,TAKE HOME
00028400323819-LAYS HONEY BBQ 2.625,307811,23272,10087,28400323819,28400323811,2840032381,SALTY SNACKS,POTATO CHIPS,NATIONAL BRAND,FRITO LAY,LAYS,BBQ,HONEY BARBEQUE,NON-PERMISSIBLE,SINGLE SERVE
00028400694452-RUFFDBCRNSLTVNG7.25Z,306273,23193,4125,28400694452,28400694451,2840069445,SALTY SNACKS,POTATO CHIPS,NATIONAL BRAND,FRITO LAY,RUFFLES,SALT VARIATIONS,SALT AND VINEGAR,NON-PERMISSIBLE,TAKE HOME
00810607021694-POPCORNERS SPCYQS 3Z,301576,22330,9345,8.11E+11,8.11E+11,1060702169,SALTY SNACKS,ALL OTHER SALTY SNACK,NATIONAL BRAND,FRITO LAY,POPCORNERS,HOT/SPICY,SPICY QUESO,PERMISSIBLE,SINGLE SERVE
00028400282048-FUNYUNS REG 2.125Z,307929,20903,7772,28400282048,28400331551,2840033155,SALTY SNACKS,CURLS AND PUFFS,NATIONAL BRAND,FRITO LAY,FUNYUNS,ONION,ONION,NON-PERMISSIBLE,SINGLE SERVE
00028400612432-DORITOS XTRFLHT2.75Z,302806,20421,8313,28400612432,28400612431,2840061243,SALTY SNACKS,TORTILLA CHIPS,NATIONAL BRAND,FRITO LAY,DORITOS,HOT/SPICY,XXTRA FLAMIN' HOT NACHO,NON-PERMISSIBLE,SINGLE SERVE
00028400681773-LAYS KETTLE CHCKDP8Z,301447,20235,4864,28400681773,28400681771,2840068177,SALTY SNACKS,POTATO CHIPS,NATIONAL BRAND,FRITO LAY,LAYS,HOT/SPICY,BUFFALO CHICKEN DIP,NON-PERMISSIBLE,TAKE HOME
00028400047906-CHEETOS CRUNCHY 2Z,307655,20230,14437,28400047906,28400047901,2840004790,SALTY SNACKS,CURLS AND PUFFS,NATIONAL BRAND,FRITO LAY,CHEETOS,CHEESE,CHEESE,NON-PERMISSIBLE,SINGLE SERVE
00028400372190-FLORIGINALKETTLECH8Z,306574,18524,4449,28400372190,28400372191,2840037219,SALTY SNACKS,POTATO CHIPS,NATIONAL BRAND,FRITO LAY,LAYS,REGULAR/CLASSIC/UNFLAVORED,ORIGINAL,NON-PERMISSIBLE,TAKE HOME
00028400331678-BKDRUFFLE CHSC1.875Z,307913,17836,7580,28400331678,28400331672,2840033167,SALTY SNACKS,POTATO CHIPS,NATIONAL BRAND,FRITO LAY,BAKED,CHEESE,CHEDDAR SOUR CREAM,PERMISSIBLE,SINGLE SERVE
00028400729062-FNYNSSPCYQSXXVL2.13Z,307774,17594,7068,28400729062,28400729061,2840072906,SALTY SNACKS,CURLS AND PUFFS,NATIONAL BRAND,FRITO LAY,FUNYUNS,HOT/SPICY,SPICY QUESO,NON-PERMISSIBLE,SINGLE SERVE
00028400719650-RFLSHYHBNXXVLLTO2.5Z,303698,16871,6778,28400719650,28400719651,2840071965,SALTY SNACKS,POTATO CHIPS,NATIONAL BRAND,FRITO LAY,RUFFLES,SWEET,HONEY HABANERO,NON-PERMISSIBLE,SINGLE SERVE
00028400084055-MUNCHIESFLMN HT8Z,300764,15964,4225,28400084055,28400084052,2840008405,SALTY SNACKS,SNACK MIX,NATIONAL BRAND,FRITO LAY,MUNCHIES,HOT/SPICY,FLAMIN' HOT,NON-PERMISSIBLE,TAKE HOME
00028400003919-LAY S S&V LSS 1.5Z,303262,14133,10128,28400003919,28400003913,2840000391,SALTY SNACKS,POTATO CHIPS,NATIONAL BRAND,FRITO LAY,LAYS,SALT VARIATIONS,SALT AND VINEGAR,NON-PERMISSIBLE,SINGLE SERVE
00028400309011-RUFFLES LIMEJLPN2.5Z,308199,13992,5824,28400309011,28400309011,2840030901,SALTY SNACKS,POTATO CHIPS,NATIONAL BRAND,FRITO LAY,RUFFLES,HOT/SPICY,LIME & JALAPENO,NON-PERMISSIBLE,SINGLE SERVE
00028400089470-TSTSSCOOPS10Z,300740,12562,2110,28400089470,28400089474,2840008947,SALTY SNACKS,TORTILLA CHIPS,NATIONAL BRAND,FRITO LAY,TOSTITOS,REGULAR/CLASSIC/UNFLAVORED,ORIGINAL,NON-PERMISSIBLE,TAKE HOME
00028400282123-FUNYUNS HOT 2.125Z,307935,12395,4978,28400282123,28400331601,2840033160,SALTY SNACKS,CURLS AND PUFFS,NATIONAL BRAND,FRITO LAY,FUNYUNS,HOT/SPICY,FLAMIN' HOT,NON-PERMISSIBLE,SINGLE SERVE
00028400632836-LAYS WVYFNYN7.5Z,303788,11881,2486,28400632836,28400632831,2840063283,SALTY SNACKS,POTATO CHIPS,NATIONAL BRAND,FRITO LAY,LAYS,ONION,FUNYUNS ONION,NON-PERMISSIBLE,TAKE HOME
00028400701488-CHEETOSBOLITAS2.375Z,300603,11823,4942,28400701488,28400701481,2840070148,SALTY SNACKS,CURLS AND PUFFS,NATIONAL BRAND,FRITO LAY,CHEETOS,CHEESE,CHILE AND CHEESE,NON-PERMISSIBLE,SINGLE SERVE
00028400730853-LAYS NSHVLHT2.625Z,301658,11815,4994,28400730853,28400730851,2840073085,SALTY SNACKS,POTATO CHIPS,NATIONAL BRAND,FRITO LAY,LAYS,MEAT,NASHVILLE HOT CHICKEN,NON-PERMISSIBLE,SINGLE SERVE
00028400726962-RFLSFLMNHTQSXXVL2.5Z,307797,11663,4756,28400726962,28400726961,2840072696,SALTY SNACKS,POTATO CHIPS,NATIONAL BRAND,FRITO LAY,RUFFLES,HOT/SPICY,FLAMIN' HOT QUESO,NON-PERMISSIBLE,SINGLE SERVE
00028400003001-LAY S BBQ LSS 1.5Z,303265,11586,8385,28400003001,28400003004,2840000300,SALTY SNACKS,POTATO CHIPS,NATIONAL BRAND,FRITO LAY,LAYS,BBQ,BARBEQUE,NON-PERMISSIBLE,SINGLE SERVE
00028400689410-SMPLRFFLWHCHDSC2.25Z,305090,11055,4484,28400689410,28400689411,2840068941,SALTY SNACKS,POTATO CHIPS,NATIONAL BRAND,FRITO LAY,SIMPLY,CHEESE,WHITE CHEDDAR AND SOUR CREAM,PERMISSIBLE,SINGLE SERVE
00028400682060-DORITOS TNGRNCH9.25Z,303810,10920,1823,28400682060,28400682061,2840068206,SALTY SNACKS,TORTILLA CHIPS,NATIONAL BRAND,FRITO LAY,DORITOS,FRUIT/VEGGIE,TANGY RANCH,NON-PERMISSIBLE,TAKE HOME
00810607024879-PPCRNRSCNMNCRCHLTO3Z,303683,10735,4318,8.11E+11,8.11E+11,1060702487,SALTY SNACKS,ALL OTHER SALTY SNACK,NATIONAL BRAND,FRITO LAY,POPCORNERS,SWEET,CINNAMON CRUNCH,PERMISSIBLE,SINGLE SERVE
00028400680769-DORITOSBFFLRNCH9.25Z,306335,10522,1757,28400680769,28400680761,2840068076,SALTY SNACKS,TORTILLA CHIPS,NATIONAL BRAND,FRITO LAY,DORITOS,HOT/SPICY,BLAZIN BUFFALO AND RANCH,NON-PERMISSIBLE,TAKE HOME
00028400712422-CHTSFLHTTCHFSNXL8.5Z,302474,10064,1941,28400712422,28400712421,2840071242,SALTY SNACKS,CURLS AND PUFFS,NATIONAL BRAND,FRITO LAY,CHEETOS,HOT/SPICY,FLAMIN' HOT TANGY CHILI FUSION,NON-PERMISSIBLE,TAKE HOME
00028400211772-CHTFSFLMASTROD1.125Z,300070,9800,6578,28400211772,28400211771,2840021177,SALTY SNACKS,CURLS AND PUFFS,NATIONAL BRAND,FRITO LAY,CHEETOS,HOT/SPICY,FLAMIN' HOT,NON-PERMISSIBLE,SINGLE SERVE
00028400327312-FRITOS FLAMINHOT3.5Z,308540,9773,4102,28400327312,28400327311,2840032731,SALTY SNACKS,CORN CHIPS,NATIONAL BRAND,FRITO LAY,FRITOS,HOT/SPICY,FLAMIN' HOT,NON-PERMISSIBLE,SINGLE SERVE
00028400684262-CHEETOS CINSGR2.375Z,300381,9187,3694,28400684262,28400684261,2840068426,SALTY SNACKS,CURLS AND PUFFS,NATIONAL BRAND,FRITO LAY,CHEETOS,SWEET,CINNAMON SUGAR,NON-PERMISSIBLE,SINGLE SERVE
00028400713092-FL XXVLSEASLT1.625Z,303680,8786,3529,28400713092,28400713091,2840071309,SALTY SNACKS,RTE POPCORN,NATIONAL BRAND,FRITO LAY,SIMPLY,REGULAR/CLASSIC/UNFLAVORED,REGULAR,PERMISSIBLE,SINGLE SERVE
00028400730839-LAYS NASHVLHT7.75Z,301654,8407,1774,28400730839,28400730831,2840073083,SALTY SNACKS,POTATO CHIPS,NATIONAL BRAND,FRITO LAY,SIMPLY,MEAT,NASHVILLE HOT CHICKEN,PERMISSIBLE,TAKE HOME
00028400670159-NATUCHIPS LIME 4.5Z,301882,7493,3021,28400670159,28400670151,2840067015,SALTY SNACKS,FRUIT/VEGGIE CHIPS,NATIONAL BRAND,FRITO LAY,NATUCHIPS,HERBS & SPICES,LIME,NON-PERMISSIBLE,SINGLE SERVE
00028400732444-LYSKTCKBFLDPXXVL2.5Z,308406,6940,2816,28400732444,28400732441,2840073244,SALTY SNACKS,POTATO CHIPS,NATIONAL BRAND,FRITO LAY,LAYS,HOT/SPICY,BUFFALO CHICKEN DIP,NON-PERMISSIBLE,SINGLE SERVE
00028400199988-LAYS CHDRSRCRM 7.75Z,302194,6749,1423,28400199988,28400199981,2840019998,SALTY SNACKS,POTATO CHIPS,NATIONAL BRAND,FRITO LAY,LAYS,CHEESE,CHEDDAR SOUR CREAM,NON-PERMISSIBLE,TAKE HOME
00028400349888-CHTSCHDRJLPASTR1.25Z,308693,6696,4495,28400349888,28400349881,2840034988,SALTY SNACKS,CURLS AND PUFFS,NATIONAL BRAND,FRITO LAY,CHEETOS,HOT/SPICY,CHEDDAR JALAPENO,NON-PERMISSIBLE,SINGLE SERVE
00028400426435-RUFFLES ORIGINAL8.5Z,301735,6673,1114,28400426435,28400426431,2840042643,SALTY SNACKS,POTATO CHIPS,NATIONAL BRAND,FRITO LAY,RUFFLES,REGULAR/CLASSIC/UNFLAVORED,ORIGINAL,NON-PERMISSIBLE,TAKE HOME
00028400733403-SFMRSHMALLOWHTCCOA2Z,309214,6339,2546,28400733403,28400733401,2840073340,SALTY SNACKS,RTE POPCORN,NATIONAL BRAND,FRITO LAY,SMARTFOOD,SWEET,MARSHMALLOW HOT COCOA,NON-PERMISSIBLE,SINGLE SERVE
00028400695640-SMRTFDDORITONCHCHS2Z,306325,6183,2484,28400695640,28400695641,2840069564,SALTY SNACKS,RTE POPCORN,NATIONAL BRAND,FRITO LAY,SMARTFOOD,CHEESE,DORITOS NACHO CHEESE,NON-PERMISSIBLE,SINGLE SERVE
00028400670104-NATUCHIPS ORGSLT4.5Z,301750,6167,2487,28400670104,28400670101,2840067010,SALTY SNACKS,FRUIT/VEGGIE CHIPS,NATIONAL BRAND,FRITO LAY,NATUCHIPS,REGULAR/CLASSIC/UNFLAVORED,ORIGINAL,NON-PERMISSIBLE,SINGLE SERVE
00028400632843-LAYS CHEETOCHS2.625Z,303789,6080,2444,28400632843,28400632841,2840063284,SALTY SNACKS,POTATO CHIPS,NATIONAL BRAND,FRITO LAY,LAYS,CHEESE,CHEETOS CHEESE,NON-PERMISSIBLE,SINGLE SERVE
00028400702126-RUFFLESTWSTBBQ1.75Z,300532,5717,2388,28400702126,28400702121,2840070212,SALTY SNACKS,POTATO CHIPS,NATIONAL BRAND,FRITO LAY,RUFFLES,BBQ,SMOKEY BARBEQUE,NON-PERMISSIBLE,SINGLE SERVE
00028400725705-DRTSPYPNJLPXXVL2.63Z,302302,5406,2173,28400725705,28400725701,2840072570,SALTY SNACKS,TORTILLA CHIPS,NATIONAL BRAND,FRITO LAY,DORITOS,HOT/SPICY,SPICY PINEAPPLE JALAPENO,NON-PERMISSIBLE,SINGLE SERVE
00028400713078-SMPSMTFDWHCHXXVL1.6Z,303945,5398,2177,28400713078,28400713071,2840071307,SALTY SNACKS,RTE POPCORN,NATIONAL BRAND,FRITO LAY,SIMPLY,CHEESE,WHITE CHEDDAR,PERMISSIBLE,SINGLE SERVE
00028400147408-SUNCHPS GRDNSALSA 7Z,305164,5146,1146,28400147408,28400147401,2840014740,SALTY SNACKS,WAVY GRAIN CHIPS,NATIONAL BRAND,FRITO LAY,SUNCHIPS,HOT/SPICY,GARDEN SALSA,PERMISSIBLE,TAKE HOME
00028400637695-LAYSPOPABLEWHTCHDR5Z,305756,4648,971,28400637695,28400637691,2840063769,SALTY SNACKS,POTATO CHIPS,NATIONAL BRAND,FRITO LAY,LAYS,CHEESE,WHITE CHEDDAR,NON-PERMISSIBLE,TAKE HOME
00028400480345-CHEETOS BBWTCH2.375Z,308035,4532,1821,28400480345,28400329321,2840032932,SALTY SNACKS,CURLS AND PUFFS,NATIONAL BRAND,FRITO LAY,CHEETOS,CHEESE,WHITE CHEDDAR,NON-PERMISSIBLE,SINGLE SERVE
00028400682077-DORITOS TNGRNCH2.75Z,303768,4505,1827,28400682077,28400682071,2840068207,SALTY SNACKS,TORTILLA CHIPS,NATIONAL BRAND,FRITO LAY,DORITOS,FRUIT/VEGGIE,TANGY RANCH,NON-PERMISSIBLE,SINGLE SERVE
00028400324878-LAYS KETTLEJLPN2.5Z,307822,4273,1766,28400324878,28400324871,2840032487,SALTY SNACKS,POTATO CHIPS,NATIONAL BRAND,FRITO LAY,LAYS,HOT/SPICY,JALAPENO,NON-PERMISSIBLE,SINGLE SERVE
00028400718202-LYWVYCBSWHXXVL2.625Z,304265,4060,1631,28400718202,28400718201,2840071820,SALTY SNACKS,POTATO CHIPS,NATIONAL BRAND,FRITO LAY,LAYS,ALL OTHER,CUBAN SANDWICH,NON-PERMISSIBLE,SINGLE SERVE
00028400575324-LAYS SMRBLT2.625Z,302893,3942,1586,28400575324,28400575321,2840057532,SALTY SNACKS,POTATO CHIPS,NATIONAL BRAND,FRITO LAY,LAYS,MEAT,BLT,NON-PERMISSIBLE,SINGLE SERVE
00028400001748-LAYS SCO LSS 1.5Z,303258,3924,3235,28400001748,28400001744,2840000174,SALTY SNACKS,POTATO CHIPS,NATIONAL BRAND,FRITO LAY,LAYS,DAIRY,SOUR CREAM AND ONION,NON-PERMISSIBLE,SINGLE SERVE
00028400365826-DORITOS ULTCHDR2.75Z,308863,3821,1558,28400365826,28400365821,2840036582,SALTY SNACKS,TORTILLA CHIPS,NATIONAL BRAND,FRITO LAY,DORITOS,CHEESE,ULTIMATE CHEDDAR,NON-PERMISSIBLE,SINGLE SERVE
00028400713092-SMPYSMRTFDSSXXVL1.6Z,303931,3747,1510,28400713092,28400713091,2840071309,SALTY SNACKS,RTE POPCORN,NATIONAL BRAND,FRITO LAY,SIMPLY,REGULAR/CLASSIC/UNFLAVORED,REGULAR,PERMISSIBLE,SINGLE SERVE
00028400705639-BAKEN-ETS HTNSPCY 4Z,300564,3679,1385,28400705639,28400705631,2840070563,SALTY SNACKS,PORK RINDS,NATIONAL BRAND,FRITO LAY,BAKEN ETS,MEAT,HOT SPICY,NON-PERMISSIBLE,TAKE HOME
00028400324410-RUFFLES SC&O 2.5Z,307869,3277,1382,28400324410,28400324411,2840032441,SALTY SNACKS,POTATO CHIPS,NATIONAL BRAND,FRITO LAY,RUFFLES,DAIRY,SOUR CREAM AND ONION,NON-PERMISSIBLE,SINGLE SERVE
00028400184779-FLBKDCDRSRCMCRS6.25Z,302552,3275,807,28400184779,28400184772,2840018477,SALTY SNACKS,POTATO CHIPS,NATIONAL BRAND,FRITO LAY,BAKED,CHEESE,CHEDDAR SOUR CREAM,PERMISSIBLE,TAKE HOME
00028400516440-DORITOS FLHTNCH9.25Z,301636,3089,518,28400516440,28400516441,2840051644,SALTY SNACKS,TORTILLA CHIPS,NATIONAL BRAND,FRITO LAY,DORITOS,HOT/SPICY,FLAMIN' HOT NACHO,NON-PERMISSIBLE,TAKE HOME
00028400589871-CHTSCRCHXFLMHT8.5Z,303402,2979,552,28400589871,28400589871,2840058987,SALTY SNACKS,CURLS AND PUFFS,NATIONAL BRAND,FRITO LAY,CHEETOS,HOT/SPICY,XXTRA FLAMIN' HOT,NON-PERMISSIBLE,TAKE HOME
00028400705615-BAKEN-ETS ORIG 4Z,300559,2656,998,28400705615,28400705611,2840070561,SALTY SNACKS,PORK RINDS,NATIONAL BRAND,FRITO LAY,BAKEN ETS,MEAT,TRADITIONAL,NON-PERMISSIBLE,TAKE HOME
00028400689458-CHEETOS BKDFHL 2.75Z,305066,2623,1063,28400689458,28400689451,2840068945,SALTY SNACKS,CURLS AND PUFFS,NATIONAL BRAND,FRITO LAY,BAKED,HOT/SPICY,FLAMIN' HOT LIMON,PERMISSIBLE,SINGLE SERVE
00810607020697-POPCORNERS WHTCHDR7Z,302110,2481,551,8.11E+11,8.11E+11,1060702069,SALTY SNACKS,ALL OTHER SALTY SNACK,NATIONAL BRAND,FRITO LAY,POPCORNERS,CHEESE,WHITE CHEDDAR,PERMISSIBLE,TAKE HOME
00028400201292-LAYS STHHEATBBQ7.75Z,304761,2436,511,28400201292,28400201292,2840020129,SALTY SNACKS,POTATO CHIPS,NATIONAL BRAND,FRITO LAY,LAYS,BBQ,SWEET SOUTHERN HEAT BARBEQUE,NON-PERMISSIBLE,TAKE HOME
00028400705738-CHSTRSPFFCRNBTR3.25Z,300562,2206,833,28400705738,28400705731,2840070573,SALTY SNACKS,CURLS AND PUFFS,NATIONAL BRAND,FRITO LAY,CHESTERS,DAIRY,BUTTER,NON-PERMISSIBLE,TAKE HOME
00028400516853-RUFFLES SRCRM&ON8Z,301648,2143,360,28400516853,28400516851,2840051685,SALTY SNACKS,POTATO CHIPS,NATIONAL BRAND,FRITO LAY,RUFFLES,DAIRY,SOUR CREAM AND ONION,NON-PERMISSIBLE,TAKE HOME
00028400726252-LYSKTCKRFADDXXVL2.5Z,302420,2141,863,28400726252,28400726251,2840072625,SALTY SNACKS,POTATO CHIPS,NATIONAL BRAND,FRITO LAY,LAYS,ALL OTHER,ALL DRESSED,NON-PERMISSIBLE,SINGLE SERVE
00028400723299-RFLSSKHBBQXXVL2.625Z,304238,2135,868,28400723299,28400723291,2840072329,SALTY SNACKS,POTATO CHIPS,NATIONAL BRAND,FRITO LAY,RUFFLES,BBQ,SMOKEHOUSE BARBEQUE,NON-PERMISSIBLE,SINGLE SERVE
00028400632850-LAYDORT CLRNCH2.625Z,303807,2127,910,28400632850,28400632851,2840063285,SALTY SNACKS,POTATO CHIPS,NATIONAL BRAND,FRITO LAY,LAYS,ALL OTHER,DORITOS COOL RANCH,NON-PERMISSIBLE,SINGLE SERVE
00028400731218-FLCHTSFLMHCSPCRNXXVL,304970,2116,850,28400731218,28400731211,2840073121,SALTY SNACKS,RTE POPCORN,NATIONAL BRAND,FRITO LAY,CHEETOS,HOT/SPICY,FLAMIN' HOT CINNAMON SUGAR,NON-PERMISSIBLE,SINGLE SERVE
00028400331685-SABRITONES 2.75Z,307939,2039,831,28400331685,28400331681,2840033168,SALTY SNACKS,CURLS AND PUFFS,NATIONAL BRAND,FRITO LAY,SABRITAS,HOT/SPICY,CHILI AND LIME,NON-PERMISSIBLE,SINGLE SERVE
00028400517942-TOSTITOS HNTOFLM11Z,301712,1895,317,28400517942,28400517941,2840051794,SALTY SNACKS,TORTILLA CHIPS,NATIONAL BRAND,FRITO LAY,TOSTITOS,FRUIT/VEGGIE,HINT OF LIME,NON-PERMISSIBLE,TAKE HOME
00028400707862-FLXXVLBCWRPJLP2.625Z,303674,1893,801,28400707862,28400707861,2840070786,SALTY SNACKS,POTATO CHIPS,NATIONAL BRAND,FRITO LAY,LAYS,HOT/SPICY,BACON WRAPPED JALAPENO POPPER,NON-PERMISSIBLE,SINGLE SERVE
00028400719087-BKDLYBFCHKSWXL1.875Z,304262,1800,724,28400719087,28400719081,2840071908,SALTY SNACKS,POTATO CHIPS,NATIONAL BRAND,FRITO LAY,BAKED,HOT/SPICY,BUFFALO CHICKEN SANDWICH,PERMISSIBLE,SINGLE SERVE
00028400433181-CHEETOS CRUCHY3.25Z,308063,1798,722,28400433181,28400329451,2840032945,SALTY SNACKS,CURLS AND PUFFS,NATIONAL BRAND,FRITO LAY,CHEETOS,CHEESE,CHEESE,NON-PERMISSIBLE,SINGLE SERVE
00028400200684-LAYS HONEYBBQ7.75Z,304765,1787,375,28400200684,28400200681,2840020068,SALTY SNACKS,POTATO CHIPS,NATIONAL BRAND,FRITO LAY,LAYS,BBQ,HONEY BARBEQUE,NON-PERMISSIBLE,TAKE HOME
00028400707800-LAYS ADOBADAS 2.625Z,302022,1786,758,28400707800,28400707801,2840070780,SALTY SNACKS,POTATO CHIPS,NATIONAL BRAND,FRITO LAY,LAYS,ALL OTHER,ADOBADAS,NON-PERMISSIBLE,SINGLE SERVE
00028400705745-CHSTRSPFFCRNHOT4.25Z,300566,1766,660,28400705745,28400705741,2840070574,SALTY SNACKS,CURLS AND PUFFS,NATIONAL BRAND,FRITO LAY,CHESTERS,HOT/SPICY,FLAMIN' HOT,NON-PERMISSIBLE,TAKE HOME
00028400718714-FRTSFLMHTBBQXXVL3.5Z,304247,1751,706,28400718714,28400718711,2840071871,SALTY SNACKS,CORN CHIPS,NATIONAL BRAND,FRITO LAY,FRITOS,BBQ,FLAMIN HOT BARBECUE,NON-PERMISSIBLE,SINGLE SERVE
00028400702058-RUFFLESTWSTCHD1.75Z,300519,1703,716,28400702058,28400702051,2840070205,SALTY SNACKS,POTATO CHIPS,NATIONAL BRAND,FRITO LAY,RUFFLES,CHEESE,DOUBLE CHEDDAR,NON-PERMISSIBLE,SINGLE SERVE
00028400725422-DRTSSPCYPNPLJLPXXL9Z,302297,1533,256,28400725422,28400725421,2840072542,SALTY SNACKS,TORTILLA CHIPS,NATIONAL BRAND,FRITO LAY,DORITOS,HOT/SPICY,SPICY PINEAPPLE JALAPENO,NON-PERMISSIBLE,TAKE HOME
00028400705707-SABRITONES ORIG 4Z,300542,1493,587,28400705707,28400705701,2840070570,SALTY SNACKS,CURLS AND PUFFS,NATIONAL BRAND,FRITO LAY,SABRITAS,HOT/SPICY,CHILI AND LIME,NON-PERMISSIBLE,TAKE HOME
00028400331128-BAKENETHTNSPCY2.125Z,308012,1274,553,28400331128,28400331121,2840033112,SALTY SNACKS,PORK RINDS,NATIONAL BRAND,FRITO LAY,BAKEN ETS,HOT/SPICY,HOT SPICY,NON-PERMISSIBLE,SINGLE SERVE
00028400240192-FUNYUNSFLAMN'HT6Z,303740,1231,226,28400240192,28400240191,2840024019,SALTY SNACKS,CURLS AND PUFFS,NATIONAL BRAND,FRITO LAY,FUNYUNS,HOT/SPICY,FLAMIN' HOT,NON-PERMISSIBLE,TAKE HOME
00028400517225-RUFFLES FLMNHT7.25Z,301666,1222,204,28400517225,28400517221,2840051722,SALTY SNACKS,POTATO CHIPS,NATIONAL BRAND,FRITO LAY,RUFFLES,HOT/SPICY,FLAMIN' HOT,NON-PERMISSIBLE,TAKE HOME
00028400331197-SMPLYCHTSWHCHD2.625Z,308022,997,418,28400331197,28400331191,2840033119,SALTY SNACKS,CURLS AND PUFFS,NATIONAL BRAND,FRITO LAY,SIMPLY,CHEESE,WHITE CHEDDAR,PERMISSIBLE,SINGLE SERVE
00028400725682-CHTSFNHSGTPRPFS2.38Z,307801,979,393,28400725682,28400725681,2840072568,SALTY SNACKS,CURLS AND PUFFS,NATIONAL BRAND,FRITO LAY,CHEETOS,HOT/SPICY,FLAMIN' HOT SMOKY GHOST PEPPER,NON-PERMISSIBLE,SINGLE SERVE
00028400729031-FUNYUNSSPCYQUESOXL6Z,307771,954,174,28400729031,28400729031,2840072903,SALTY SNACKS,CURLS AND PUFFS,NATIONAL BRAND,FRITO LAY,FUNYUNS,HOT/SPICY,SPICY QUESO,NON-PERMISSIBLE,TAKE HOME
00028400324489-RUFFLES JLPNRNCH2.5Z,307821,901,378,28400324489,28400481152,2840048115,SALTY SNACKS,POTATO CHIPS,NATIONAL BRAND,FRITO LAY,RUFFLES,HOT/SPICY,JALAPENO RANCH,NON-PERMISSIBLE,SINGLE SERVE
00028400070546-FL LSS DRTSRNCH1.75Z,309166,887,636,28400070546,28400070541,2840007054,SALTY SNACKS,TORTILLA CHIPS,NATIONAL BRAND,FRITO LAY,DORITOS,DAIRY,COOL RANCH,NON-PERMISSIBLE,SINGLE SERVE
00028400589314-FRITOSFLMNHTCRNCHP9Z,303511,788,139,28400589314,28400589311,2840058931,SALTY SNACKS,CORN CHIPS,NATIONAL BRAND,FRITO LAY,FRITOS,HOT/SPICY,FLAMIN' HOT,NON-PERMISSIBLE,TAKE HOME
00028400372169-LAYSKTTLSLT&VNGR8Z,304766,744,174,28400372169,28400372161,2840037216,SALTY SNACKS,POTATO CHIPS,NATIONAL BRAND,FRITO LAY,LAYS,SALT VARIATIONS,SEA SALT AND VINEGAR,NON-PERMISSIBLE,TAKE HOME
00028400321907-FRITOS TURBOSFLMS10Z,307912,732,135,28400321907,28400321901,2840032190,SALTY SNACKS,CORN CHIPS,NATIONAL BRAND,FRITO LAY,SABRITAS,HOT/SPICY,TURBOS FLAMAS,NON-PERMISSIBLE,TAKE HOME
00028400323987-LAYS CRISPYTCO2.625Z,308505,722,307,28400323987,28400658121,2840065812,SALTY SNACKS,POTATO CHIPS,NATIONAL BRAND,FRITO LAY,LAYS,HOT/SPICY,CRISPY TACO,NON-PERMISSIBLE,SINGLE SERVE
00028400336000-BAKENETS REG2.125Z,308115,709,306,28400336000,28400336001,2840033600,SALTY SNACKS,PORK RINDS,NATIONAL BRAND,FRITO LAY,BAKEN ETS,REGULAR/CLASSIC/UNFLAVORED,TRADITIONAL,NON-PERMISSIBLE,SINGLE SERVE
00028400721158-SMTFDDRTCRXXVL2.625Z,304248,667,269,28400721158,28400721151,2840072115,SALTY SNACKS,RTE POPCORN,NATIONAL BRAND,FRITO LAY,SMARTFOOD,DAIRY,DORITOS COOL RANCH,NON-PERMISSIBLE,SINGLE SERVE
00028400705653-BAKEN-ETS QUESO 4Z,300569,653,247,28400705653,28400705651,2840070565,SALTY SNACKS,PORK RINDS,NATIONAL BRAND,FRITO LAY,BAKEN ETS,MEAT,QUESO,NON-PERMISSIBLE,TAKE HOME
00028400683739-LAYS RUFFLES BBQ 8Z,301528,653,109,28400683739,28400683731,2840068373,SALTY SNACKS,POTATO CHIPS,NATIONAL BRAND,FRITO LAY,RUFFLES,BBQ,SMOKEHOUSE BARBEQUE,NON-PERMISSIBLE,TAKE HOME
00028400635974-DOR BLZNBFFLRNCH3.1Z,307198,533,214,28400635974,28400635971,2840063597,SALTY SNACKS,TORTILLA CHIPS,NATIONAL BRAND,FRITO LAY,DORITOS,HOT/SPICY,BLAZIN BUFFALO AND RANCH,NON-PERMISSIBLE,SINGLE SERVE
00028400331227-SMPLYDRTSWTCDR2.625Z,306166,502,212,28400331227,28400331221,2840033122,SALTY SNACKS,TORTILLA CHIPS,NATIONAL BRAND,FRITO LAY,SIMPLY,CHEESE,WHITE CHEDDAR,PERMISSIBLE,SINGLE SERVE
00028400349369-CHEETOSSWEETOS2.375Z,305987,496,203,28400349369,28400349361,2840034936,SALTY SNACKS,CURLS AND PUFFS,NATIONAL BRAND,FRITO LAY,CHEETOS,SWEET,CINNAMON SUGAR,NON-PERMISSIBLE,SINGLE SERVE
00028400705660-BAKENETSSWTSOUTHHT4Z,300571,472,177,28400705660,28400705661,2840070566,SALTY SNACKS,PORK RINDS,NATIONAL BRAND,FRITO LAY,BAKEN ETS,BBQ,SWEET SOUTHERN HEAT BARBEQUE,NON-PERMISSIBLE,TAKE HOME
00028400201315-LAYS FLAMINHOT 7.75Z,302086,450,94,28400201315,28400201312,2840020131,SALTY SNACKS,POTATO CHIPS,NATIONAL BRAND,FRITO LAY,LAYS,HOT/SPICY,FLAMIN' HOT,NON-PERMISSIBLE,TAKE HOME
00028400323994-LAYS WVYFRGRTM2.625Z,308506,432,182,28400323994,28400323991,2840032399,SALTY SNACKS,POTATO CHIPS,NATIONAL BRAND,FRITO LAY,LAYS,FRUIT/VEGGIE,FRIED GREEN TOMATO,NON-PERMISSIBLE,SINGLE SERVE
00028400590020-CHTSCRCHFLMHTLMN8.5Z,303406,422,78,28400590020,28400590021,2840059002,SALTY SNACKS,CURLS AND PUFFS,NATIONAL BRAND,FRITO LAY,CHEETOS,HOT/SPICY,FLAMIN' HOT LIMON,NON-PERMISSIBLE,TAKE HOME
00028400517966-TOSTITOS BTSZRNDS12Z,301713,418,70,28400517966,28400517961,2840051796,SALTY SNACKS,TORTILLA CHIPS,NATIONAL BRAND,FRITO LAY,TOSTITOS,REGULAR/CLASSIC/UNFLAVORED,ORIGINAL,NON-PERMISSIBLE,TAKE HOME
00028400515887-RUFFLES FLMNHTBBQ8Z,301544,400,69,28400515887,28400515881,2840051588,SALTY SNACKS,POTATO CHIPS,NATIONAL BRAND,FRITO LAY,RUFFLES,HOT/SPICY,FLAMIN' HOT BBQ,NON-PERMISSIBLE,TAKE HOME
00028400313995-SMARTFD FLMWHCH6.3Z,307976,362,70,28400313995,28400313991,2840031399,SALTY SNACKS,RTE POPCORN,NATIONAL BRAND,FRITO LAY,SMARTFOOD,HOT/SPICY,FLAMIN' HOT WHITE CHEDDAR,NON-PERMISSIBLE,TAKE HOME
00028400325165-DORITOS FLAMAS 2.75Z,307903,362,155,28400325165,28400325161,2840032516,SALTY SNACKS,TORTILLA CHIPS,NATIONAL BRAND,FRITO LAY,DORITOS,HOT/SPICY,FLAMAS,NON-PERMISSIBLE,SINGLE SERVE
00028400688000-CHTSWHCHDSNFLK2.375Z,301135,348,141,28400688000,28400688001,2840068800,SALTY SNACKS,CURLS AND PUFFS,NATIONAL BRAND,FRITO LAY,CHEETOS,CHEESE,WHITE CHEDDAR,NON-PERMISSIBLE,SINGLE SERVE
00028400713030-SMYSMRTFDWHTCHXL5.3Z,303924,343,66,28400713030,28400713031,2840071303,SALTY SNACKS,RTE POPCORN,NATIONAL BRAND,FRITO LAY,SIMPLY,CHEESE,WHITE CHEDDAR,PERMISSIBLE,TAKE HOME
00028400719537-DRTSHTMSTDXXLLTO9.3Z,303702,329,55,28400719537,28400719531,2840071953,SALTY SNACKS,TORTILLA CHIPS,NATIONAL BRAND,FRITO LAY,DORITOS,HOT/SPICY,HOT MUSTARD,NON-PERMISSIBLE,TAKE HOME
00028400707800-FL XXVLLAYSADOBADAS,304283,329,136,28400707800,28400707801,2840070780,SALTY SNACKS,POTATO CHIPS,NATIONAL BRAND,FRITO LAY,LAYS,ALL OTHER,ADOBADAS,NON-PERMISSIBLE,SINGLE SERVE
00028400437929-SABRITSFIESTMIX 2.8Z,300679,293,124,28400437929,28400437921,2840043792,SALTY SNACKS,SNACK MIX,NATIONAL BRAND,FRITO LAY,SABRITAS,HOT/SPICY,ASSORTED,NON-PERMISSIBLE,SINGLE SERVE
00002840009156-LAYS CLASSICLSS 1.5Z,303257,280,188,2840009156,28400236491,2840023649,SALTY SNACKS,POTATO CHIPS,NATIONAL BRAND,FRITO LAY,LAYS,REGULAR/CLASSIC/UNFLAVORED,CLASSIC,NON-PERMISSIBLE,SINGLE SERVE
00028400632829-LAYDORT CLRNCH7.75Z,303809,276,58,28400632829,28400632821,2840063282,SALTY SNACKS,POTATO CHIPS,NATIONAL BRAND,FRITO LAY,LAYS,ALL OTHER,DORITOS COOL RANCH,NON-PERMISSIBLE,TAKE HOME
00028400047708-ROLD GOLD STCKS 16Z,302980,271,68,28400047708,28400047703,2840004770,SALTY SNACKS,PRETZELS,NATIONAL BRAND,FRITO LAY,ROLD GOLD,REGULAR/CLASSIC/UNFLAVORED,ORIGINAL,NON-PERMISSIBLE,TAKE HOME
00028400659321-SMARTFOODCRML&CHDR7Z,307798,254,49,28400659321,28400659321,2840065932,SALTY SNACKS,RTE POPCORN,NATIONAL BRAND,FRITO LAY,SMARTFOOD,SWEET,CARAMEL AND CHEDDAR,NON-PERMISSIBLE,TAKE HOME
00028400703697-DRTJMPNJKCSXXL7.725Z,304235,252,42,28400703697,28400922871,2840092287,SALTY SNACKS,TORTILLA CHIPS,NATIONAL BRAND,FRITO LAY,DORITOS,CHEESE,JUMPIN JACK CHEESE,NON-PERMISSIBLE,TAKE HOME
00028400684255-CHEETOS BAGOFBNS7.5Z,300529,245,43,28400684255,28400684251,2840068425,SALTY SNACKS,CURLS AND PUFFS,NATIONAL BRAND,FRITO LAY,CHEETOS,SWEET,CINNAMON SUGAR,NON-PERMISSIBLE,TAKE HOME
00028400517706-RUFFLES QUESO 8Z,301668,240,40,28400517706,28400517701,2840051770,SALTY SNACKS,POTATO CHIPS,NATIONAL BRAND,FRITO LAY,RUFFLES,CHEESE,QUESO,NON-PERMISSIBLE,TAKE HOME
00028400305785-CHTOSFLMNHTPPCRN6.5Z,307651,239,42,28400305785,28400305781,2840030578,SALTY SNACKS,RTE POPCORN,NATIONAL BRAND,FRITO LAY,CHEETOS,HOT/SPICY,FLAMIN' HOT,NON-PERMISSIBLE,TAKE HOME
00028400701464-CHEETOSBOLITAS7Z,300615,234,42,28400701464,28400701461,2840070146,SALTY SNACKS,CURLS AND PUFFS,NATIONAL BRAND,FRITO LAY,CHEETOS,CHEESE,CHILE AND CHEESE,NON-PERMISSIBLE,TAKE HOME
00028400726214-LYSKTLCKRFLALDRDXL8Z,302419,226,54,28400726214,28400726211,2840072621,SALTY SNACKS,POTATO CHIPS,NATIONAL BRAND,FRITO LAY,LAYS,ALL OTHER,ALL DRESSED,NON-PERMISSIBLE,TAKE HOME
00028400719513-DTSTGYKTHPXXLLTO9.3Z,303704,216,36,28400719513,28400719511,2840071951,SALTY SNACKS,TORTILLA CHIPS,NATIONAL BRAND,FRITO LAY,DORITOS,CONDIMENT,TANGY KETCHUP,NON-PERMISSIBLE,TAKE HOME
00028400575317-LAYS SMRBLT7.75Z,302894,211,44,28400575317,28400647781,2840064778,SALTY SNACKS,POTATO CHIPS,NATIONAL BRAND,FRITO LAY,LAYS,MEAT,BLT,NON-PERMISSIBLE,TAKE HOME
00028400516327-DORITOS SLSVRD9.25Z,301634,209,35,28400516327,28400516321,2840051632,SALTY SNACKS,TORTILLA CHIPS,NATIONAL BRAND,FRITO LAY,DORITOS,HOT/SPICY,SALSA VERDE,NON-PERMISSIBLE,TAKE HOME
00028400705622-BAKEN-ETSHNYMSTRD4Z,300560,209,78,28400705622,28400705621,2840070562,SALTY SNACKS,PORK RINDS,NATIONAL BRAND,FRITO LAY,BAKEN ETS,CONDIMENT,HONEY MUSTARD,NON-PERMISSIBLE,TAKE HOME
00028400043496-WAVY LAYS BBQ,302081,205,43,28400043496,28400043491,2840004349,SALTY SNACKS,POTATO CHIPS,NATIONAL BRAND,FRITO LAY,LAYS,BBQ,HICKORY BARBEQUE,NON-PERMISSIBLE,TAKE HOME
00002840007056-DRITOSNCHCHSLSS1.75Z,303266,155,104,2840007056,28400147052,2840014705,SALTY SNACKS,TORTILLA CHIPS,NATIONAL BRAND,FRITO LAY,DORITOS,CHEESE,NACHO CHEESE,NON-PERMISSIBLE,SINGLE SERVE
00028400517720-RUFFLES LM&JLPN8Z,301702,150,27,28400517720,28400517721,2840051772,SALTY SNACKS,POTATO CHIPS,NATIONAL BRAND,FRITO LAY,RUFFLES,HOT/SPICY,LIME & JALAPENO,NON-PERMISSIBLE,TAKE HOME
00028400596695-CHTSPUFFSHOT8Z,303401,148,27,28400596695,28400596691,2840059669,SALTY SNACKS,CURLS AND PUFFS,NATIONAL BRAND,FRITO LAY,CHEETOS,HOT/SPICY,FLAMIN' HOT,NON-PERMISSIBLE,TAKE HOME
00028400726276-LYSLTSLTBBQXXVL2.66Z,307775,141,57,28400726276,28400726271,2840072627,SALTY SNACKS,POTATO CHIPS,NATIONAL BRAND,FRITO LAY,LAYS,BBQ,BARBEQUE,NON-PERMISSIBLE,SINGLE SERVE
00028400695688-SMRTFDDORITONCH6.25Z,306334,140,27,28400695688,28400695681,2840069568,SALTY SNACKS,RTE POPCORN,NATIONAL BRAND,FRITO LAY,SMARTFOOD,CHEESE,DORITOS NACHO CHEESE,NON-PERMISSIBLE,TAKE HOME
00028400693103-FRTSFLMNHTBBQXL9.25Z,304254,131,23,28400693103,28400693101,2840069310,SALTY SNACKS,CORN CHIPS,NATIONAL BRAND,FRITO LAY,FRITOS,BBQ,FLAMIN' HOT BBQ,NON-PERMISSIBLE,TAKE HOME
00028400152242-SUNCHPS FRCHONION 7Z,305163,121,27,28400152242,28400152241,2840015224,SALTY SNACKS,WAVY GRAIN CHIPS,NATIONAL BRAND,FRITO LAY,SUNCHIPS,ONION,FRENCH ONION,PERMISSIBLE,TAKE HOME
00028400718035-SNCHPMNTRYJGTMTOXL7Z,304232,121,27,28400718035,28400718031,2840071803,SALTY SNACKS,WAVY GRAIN CHIPS,NATIONAL BRAND,FRITO LAY,SUNCHIPS,ALL OTHER,MONTEREY JACK AND GARDEN TOMATO,PERMISSIBLE,TAKE HOME
00028400372183-FL KETTLE MSQT BBQ8Z,305738,117,28,28400372183,28400372181,2840037218,SALTY SNACKS,POTATO CHIPS,NATIONAL BRAND,FRITO LAY,LAYS,BBQ,MESQUITE BARBEQUE,NON-PERMISSIBLE,TAKE HOME
00028400604581-BAKENET FLMNHT2.125Z,302018,115,47,28400604581,28400604581,2840060458,SALTY SNACKS,PORK RINDS,NATIONAL BRAND,FRITO LAY,BAKEN ETS,HOT/SPICY,FLAMIN' HOT,NON-PERMISSIBLE,SINGLE SERVE
00028400322546-CHEETOS CHDRPPCRN7Z,307652,108,19,28400322546,28400322541,2840032254,SALTY SNACKS,RTE POPCORN,NATIONAL BRAND,FRITO LAY,CHEETOS,CHEESE,CHEDDAR,NON-PERMISSIBLE,TAKE HOME
00028400632812-LAYS CHEETOCHS7.75Z,303793,101,21,28400632812,28400632811,2840063281,SALTY SNACKS,POTATO CHIPS,NATIONAL BRAND,FRITO LAY,LAYS,CHEESE,CHEETOS CHEESE,NON-PERMISSIBLE,TAKE HOME
00810607020710-POPCORNERS KTLCRN7Z,302116,96,21,8.11E+11,8.11E+11,1060702071,SALTY SNACKS,ALL OTHER SALTY SNACK,NATIONAL BRAND,FRITO LAY,POPCORNERS,SWEET,KETTLE CORN,PERMISSIBLE,TAKE HOME
00028400705776-SANTITAS BLENDED 11Z,300605,89,33,28400705776,28400705771,2840070577,SALTY SNACKS,TORTILLA CHIPS,NATIONAL BRAND,FRITO LAY,SANTITAS,REGULAR/CLASSIC/UNFLAVORED,YELLOW CORN,NON-PERMISSIBLE,TAKE HOME
00028400689748-LAYS LYRS3CHS1.75Z,305038,88,39,28400689748,28400689741,2840068974,SALTY SNACKS,POTATO CHIPS,NATIONAL BRAND,FRITO LAY,LAYS,CHEESE,THREE CHEESE,NON-PERMISSIBLE,SINGLE SERVE
00028400200592-LAYS LGHTSALTED7.75Z,304614,77,16,28400200592,28400200591,2840020059,SALTY SNACKS,POTATO CHIPS,NATIONAL BRAND,FRITO LAY,LAYS,REGULAR/CLASSIC/UNFLAVORED,CLASSIC LIGHTLY SALTED,NON-PERMISSIBLE,TAKE HOME
00002840000300-LAY S BBQ LSS 1.5Z,303265,70,47,2840000300,28400003004,2840000300,SALTY SNACKS,POTATO CHIPS,NATIONAL BRAND,FRITO LAY,LAYS,BBQ,BARBEQUE,NON-PERMISSIBLE,SINGLE SERVE
00028400718158-LYWVYCBSDWHLTOXL7.5Z,304264,67,14,28400718158,28400718151,2840071815,SALTY SNACKS,POTATO CHIPS,NATIONAL BRAND,FRITO LAY,LAYS,ALL OTHER,CUBAN SANDWICH,NON-PERMISSIBLE,TAKE HOME
00028400721127-SMARTFDDRTSCRXL7.75Z,304244,62,12,28400721127,28400721121,2840072112,SALTY SNACKS,RTE POPCORN,NATIONAL BRAND,FRITO LAY,SMARTFOOD,DAIRY,DORITOS COOL RANCH,NON-PERMISSIBLE,TAKE HOME
00028400689762-LAYSLYRSRCRM&ON1.75Z,305042,44,21,28400689762,28400689761,2840068976,SALTY SNACKS,POTATO CHIPS,NATIONAL BRAND,FRITO LAY,LAYS,DAIRY,SOUR CREAM AND ONION,NON-PERMISSIBLE,SINGLE SERVE
00028400719629-RFFLSHNYHBNRXXLLTO8Z,303699,42,7,28400719629,28400719621,2840071962,SALTY SNACKS,POTATO CHIPS,NATIONAL BRAND,FRITO LAY,RUFFLES,SWEET,HONEY HABANERO,NON-PERMISSIBLE,TAKE HOME
00028400701600-DRTS 3DCRNCHCHS 2.5Z,300865,41,18,28400701600,28400701601,2840070160,SALTY SNACKS,TORTILLA CHIPS,NATIONAL BRAND,FRITO LAY,DORITOS,CHEESE,NACHO CHEESE,NON-PERMISSIBLE,SINGLE SERVE
00028400709781-CHEETOSPRTZLCHDDR10Z,304849,40,7,28400709781,28400709781,2840070978,SALTY SNACKS,PRETZELS,NATIONAL BRAND,FRITO LAY,CHEETOS,CHEESE,CHEDDAR,NON-PERMISSIBLE,TAKE HOME
00028400709798-CHEETOSPRTZLFLMHT10Z,304855,40,7,28400709798,28400709791,2840070979,SALTY SNACKS,PRETZELS,NATIONAL BRAND,FRITO LAY,CHEETOS,HOT/SPICY,FLAMIN' HOT,NON-PERMISSIBLE,TAKE HOME
00028400705646-BAKEN-ETS FLMNHT 4Z,300568,37,14,28400705646,28400705641,2840070564,SALTY SNACKS,PORK RINDS,NATIONAL BRAND,FRITO LAY,BAKEN ETS,HOT/SPICY,FLAMIN' HOT,NON-PERMISSIBLE,TAKE HOME
00028400731805-SFMRSHMLLWHTCCO6.25Z,309215,36,7,28400731805,28400731801,2840073180,SALTY SNACKS,RTE POPCORN,NATIONAL BRAND,FRITO LAY,SMARTFOOD,SWEET,MARSHMALLOW HOT COCOA,NON-PERMISSIBLE,TAKE HOME
00028400047906-CHEETOSCRUNCHYLSS 2Z,303267,36,25,28400047906,28400047901,2840004790,SALTY SNACKS,CURLS AND PUFFS,NATIONAL BRAND,FRITO LAY,CHEETOS,CHEESE,CHEESE,NON-PERMISSIBLE,SINGLE SERVE
00028400712613-FLXXVLCHTSCHDRPRTZ3Z,304962,32,13,28400712613,28400712611,2840071261,SALTY SNACKS,PRETZELS,NATIONAL BRAND,FRITO LAY,CHEETOS,CHEESE,CHEDDAR,NON-PERMISSIBLE,SINGLE SERVE
00028400528481-TOSTITOS CNTNTRD13Z,301622,30,5,28400528481,28400528481,2840052848,SALTY SNACKS,TORTILLA CHIPS,NATIONAL BRAND,FRITO LAY,TOSTITOS,REGULAR/CLASSIC/UNFLAVORED,CANTINA TRADITIONAL,NON-PERMISSIBLE,TAKE HOME
00028400147415-SUNCHIPS REGULAR 7Z,305166,22,5,28400147415,28400147411,2840014741,SALTY SNACKS,WAVY GRAIN CHIPS,NATIONAL BRAND,FRITO LAY,SUNCHIPS,REGULAR/CLASSIC/UNFLAVORED,ORIGINAL,PERMISSIBLE,TAKE HOME
00028400201261-LAYS LIMON 7.75Z,301983,19,4,28400201261,28400201262,2840020126,SALTY SNACKS,POTATO CHIPS,NATIONAL BRAND,FRITO LAY,LAYS,HOT/SPICY,LIMON,NON-PERMISSIBLE,TAKE HOME
00028400657952-LAYSCRISPYTACO7.75Z,303019,19,4,28400657952,28400657951,2840065795,SALTY SNACKS,POTATO CHIPS,NATIONAL BRAND,FRITO LAY,LAYS,HOT/SPICY,CRISPY TACO,NON-PERMISSIBLE,TAKE HOME
00028400457200-SMARTFOODS APPLEMX7Z,301499,15,3,28400457200,28400457201,2840045720,SALTY SNACKS,RTE POPCORN,NATIONAL BRAND,FRITO LAY,SMARTFOOD,SWEET,CARAMEL & CINNAMON APPLE,NON-PERMISSIBLE,TAKE HOME
00028400719056-BKDLYBFLCHKSWXL6.25Z,304260,13,3,28400719056,28400719051,2840071905,SALTY SNACKS,POTATO CHIPS,NATIONAL BRAND,FRITO LAY,BAKED,HOT/SPICY,BUFFALO CHICKEN SANDWICH,PERMISSIBLE,TAKE HOME
00028400532808-LAYS GMDYCHILI2.625Z,300644,12,6,28400532808,28400532801,2840053280,SALTY SNACKS,POTATO CHIPS,NATIONAL BRAND,FRITO LAY,LAYS,HOT/SPICY,CHILI,NON-PERMISSIBLE,SINGLE SERVE
00028400515757-RUFFLES FLMNHTBBQ8Z,301544,12,2,28400515757,28400515881,2840051588,SALTY SNACKS,POTATO CHIPS,NATIONAL BRAND,FRITO LAY,RUFFLES,HOT/SPICY,FLAMIN' HOT BBQ,NON-PERMISSIBLE,TAKE HOME
00028400517980-TOSTITOS WHTCRN12Z,301714,12,2,28400517980,28400517981,2840051798,SALTY SNACKS,TORTILLA CHIPS,NATIONAL BRAND,FRITO LAY,TOSTITOS,REGULAR/CLASSIC/UNFLAVORED,ORIGINAL,NON-PERMISSIBLE,TAKE HOME
00028400628419-CHEETOS SNWFLK 7Z,301410,11,2,28400628419,28400628411,2840062841,SALTY SNACKS,CURLS AND PUFFS,NATIONAL BRAND,FRITO LAY,CHEETOS,CHEESE,WHITE CHEDDAR,NON-PERMISSIBLE,TAKE HOME
00028400655323-CHEETOS MXSTRCRN8.5Z,303204,11,2,28400655323,28400655322,2840065532,SALTY SNACKS,CURLS AND PUFFS,NATIONAL BRAND,FRITO LAY,CHEETOS,DAIRY,MEXICAN STREET CORN,NON-PERMISSIBLE,TAKE HOME
00028400021869-FLXLROLDGLDCHDCHZ10Z,304902,11,3,28400021869,28400021863,2840002186,SALTY SNACKS,PRETZELS,NATIONAL BRAND,FRITO LAY,ROLD GOLD,CHEESE,CHEDDAR,NON-PERMISSIBLE,TAKE HOME
00028400436175-ROLDGOLDTHINS4Z,303581,10,4,28400436175,28400331171,2840033117,SALTY SNACKS,PRETZELS,NATIONAL BRAND,FRITO LAY,ROLD GOLD,REGULAR/CLASSIC/UNFLAVORED,REGULAR,NON-PERMISSIBLE,SINGLE SERVE
00028400002103-SANTITAS WHTCORN 11Z,304201,9,4,28400002103,28400705761,2840070576,SALTY SNACKS,TORTILLA CHIPS,NATIONAL BRAND,FRITO LAY,SANTITAS,REGULAR/CLASSIC/UNFLAVORED,ORIGINAL,NON-PERMISSIBLE,TAKE HOME
00028400371858-LYSKTTLJLPNO8Z,302357,8,2,28400371858,28400371851,2840037185,SALTY SNACKS,POTATO CHIPS,NATIONAL BRAND,FRITO LAY,LAYS,HOT/SPICY,JALAPENO,NON-PERMISSIBLE,TAKE HOME
00028400528467-TOSTITOS CNTNTHN10Z,301612,6,1,28400528467,28400528461,2840052846,SALTY SNACKS,TORTILLA CHIPS,NATIONAL BRAND,FRITO LAY,TOSTITOS,REGULAR/CLASSIC/UNFLAVORED,CANTINA THIN & CRISPY,NON-PERMISSIBLE,TAKE HOME
00028400071659-CHTSPFSWHTCHDRNTRL8Z,303121,5,1,28400071659,28400071655,2840007165,SALTY SNACKS,CURLS AND PUFFS,NATIONAL BRAND,FRITO LAY,SIMPLY,CHEESE,WHITE CHEDDAR,PERMISSIBLE,TAKE HOME
00028400026635-SMPLYDRTSWTCDR2.625Z,306166,5,2,28400026635,28400146901,2840014690,SALTY SNACKS,TORTILLA CHIPS,NATIONAL BRAND,FRITO LAY,SIMPLY,HOT/SPICY,SPICY WHITE CHEDDAR,PERMISSIBLE,SINGLE SERVE
00028400041447-CHESTERSHTFRY5.25Z,303545,5,2,28400041447,28400705691,2840070569,SALTY SNACKS,CURLS AND PUFFS,NATIONAL BRAND,FRITO LAY,CHESTERS,HOT/SPICY,FLAMIN' HOT,NON-PERMISSIBLE,TAKE HOME
00028400595872-BAKEN-ETS ORIGINAL4Z,301608,3,1,28400595872,28400509441,2840050944,SALTY SNACKS,PORK RINDS,NATIONAL BRAND,FRITO LAY,BAKEN ETS,REGULAR/CLASSIC/UNFLAVORED,REGULAR,NON-PERMISSIBLE,TAKE HOME
00028400445344-DORITOS SCRSRCH2.75Z,301774,2,1,28400445344,28400445341,2840044534,SALTY SNACKS,TORTILLA CHIPS,NATIONAL BRAND,FRITO LAY,DORITOS,HOT/SPICY,SCREAMIN' SRIRACHA,NON-PERMISSIBLE,SINGLE SERVE
00028400518581-DORITOS 3DCRNCHLCH2Z,300837,2,1,28400518581,28400691751,2840069175,SALTY SNACKS,TORTILLA CHIPS,NATIONAL BRAND,FRITO LAY,DORITOS,CHEESE,CHILI CHEESE NACHO,NON-PERMISSIBLE,SINGLE SERVE
